label,chroma_stft_mean,rms_mean,spectral_centroid_mean,zero_crossing_rate_mean,tempo
1,0.3500881195,0.1302279234,1784.16585,0.08304482067,123.046875
1,0.3409135938,0.09594780952,1530.176679,0.05603980871,67.99958882
1,0.3636371791,0.1755704135,1552.811865,0.07629120746,161.4990234
1,0.4047847092,0.1410930008,1070.106615,0.03330886263,63.02400915
1,0.3085260391,0.0915287137,1835.004266,0.1014605387,135.9991776
1,0.3024562895,0.1034936383,1831.99394,0.09404153374,69.83741554
1,0.2913279831,0.1418741494,1459.366472,0.07305223741,71.77734375
1,0.3079547882,0.1318221837,1451.667066,0.06144224611,92.28515625
1,0.4088792205,0.1424164921,1719.368948,0.06402488762,83.35433468
1,0.273950398,0.08131366223,1817.150863,0.07917482357,80.74951172
1,0.3039933145,0.1428650618,1409.955256,0.06295882577,161.4990234
1,0.367152065,0.06574068964,1352.659665,0.04393058476,161.4990234
1,0.2693911195,0.1190460548,1360.641197,0.06909500677,184.5703125
1,0.2647128105,0.1131698266,1324.293218,0.05140170328,107.6660156
1,0.3290363252,0.06705453247,1171.848227,0.04503667585,151.9990809
1,0.2696904242,0.08062402159,1420.365165,0.06370125495,99.38401442
1,0.3041855693,0.08147174865,1454.963941,0.06134406117,198.7680288
1,0.3021239936,0.09330607951,1088.84423,0.04832624891,172.265625
1,0.2699322999,0.07970637083,1537.587699,0.05614176999,83.35433468
1,0.2573248148,0.09765975177,1195.470376,0.05888603901,123.046875
1,0.3026116192,0.07547449321,1390.301558,0.05258634232,135.9991776
1,0.321100384,0.10113208,1046.550011,0.04790745239,99.38401442
1,0.3065367937,0.1134258509,1155.781221,0.05856995903,95.703125
1,0.2808226645,0.1020351648,1209.987863,0.05246700986,184.5703125
1,0.2631122172,0.08694726974,1120.019467,0.04727604771,103.359375
1,0.2909597456,0.08921521902,1109.352784,0.051697391,92.28515625
1,0.2783784568,0.07711019367,1198.459085,0.05197268646,83.35433468
1,0.2887073159,0.09581015259,1391.841952,0.07241441294,92.28515625
1,0.2761554718,0.09966677427,1115.728202,0.04801998743,103.359375
1,0.2803565562,0.1247364804,1648.835169,0.05289486961,129.1992188
1,0.2631938457,0.1700620651,1379.189382,0.03936611804,151.9990809
1,0.2535532117,0.1515176445,1330.715617,0.04294722484,151.9990809
1,0.2762447894,0.1013213545,1309.382408,0.03938839847,143.5546875
1,0.2606352866,0.1332135051,1430.492433,0.04197368342,151.9990809
1,0.2623637915,0.135935396,1537.098021,0.04570244526,184.5703125
1,0.288384825,0.1733787209,1506.872876,0.04541997474,129.1992188
1,0.2333981246,0.1977468282,1247.35503,0.03690734061,151.9990809
1,0.2486340851,0.06918843836,1188.308142,0.04816386613,123.046875
1,0.2658880949,0.1680838317,1514.100673,0.04437317225,86.1328125
1,0.2552458644,0.0858624801,1151.008993,0.03532089859,117.4538352
1,0.397995919,0.1348919868,2272.439547,0.0976430328,172.265625
1,0.3868677318,0.1291658431,2390.3901,0.102260746,129.1992188
1,0.3775384724,0.1110012829,2301.609667,0.09782391966,89.10290948
1,0.3989206254,0.1273855567,2155.879629,0.08717463022,129.1992188
1,0.3901749253,0.1363209188,2278.961252,0.09252533171,135.9991776
1,0.4294368029,0.1483584344,1739.134033,0.04804831001,129.1992188
1,0.3879674971,0.1026016325,1913.0116,0.05845780162,123.046875
1,0.3364204168,0.1122592911,2013.011665,0.07532370819,151.9990809
1,0.3795294464,0.1239691079,2148.197609,0.0987668727,123.046875
1,0.2775753736,0.08858688176,1318.191465,0.03996126982,123.046875
1,0.4009360373,0.1823381782,1945.533108,0.08579060023,135.9991776
1,0.3936876655,0.1966755539,1977.234251,0.1066016531,99.38401442
1,0.3390077651,0.09888217598,1443.810106,0.06718795316,151.9990809
1,0.4124447405,0.1683437675,2171.445863,0.1328151434,103.359375
1,0.4527457654,0.2009461224,2030.657186,0.103398936,89.10290948
1,0.4329365492,0.1577416509,2032.001859,0.1131192449,135.9991776
1,0.3910510242,0.1378711462,1811.771254,0.07550308452,161.4990234
1,0.4243854582,0.1759753972,1886.954809,0.08993966913,92.28515625
1,0.356641978,0.1619926095,2068.358476,0.1043517075,107.6660156
1,0.4058392346,0.1699792743,2235.589429,0.1422416528,107.6660156
1,0.4308072925,0.1963073313,1946.33108,0.09742287195,151.9990809
1,0.451938808,0.141725868,2503.945488,0.1675337152,129.1992188
1,0.3118726313,0.1062848195,2280.276472,0.1171418062,112.3471467
1,0.3302313685,0.09627349675,2840.060761,0.1544105429,92.28515625
1,0.3326500058,0.1174324229,2553.361183,0.1468329315,78.30255682
1,0.2928373814,0.1003632396,2816.225739,0.146281963,107.6660156
1,0.3745931685,0.1104610786,2340.802465,0.1217916183,161.4990234
1,0.3379056454,0.1291104853,2258.009314,0.1127057352,161.4990234
1,0.2898394167,0.1031172946,2513.313017,0.1351073841,161.4990234
1,0.292001307,0.1165231094,2371.480544,0.1251287733,78.30255682
1,0.3228092194,0.1061368585,2159.392,0.09834769855,143.5546875
1,0.3051750958,0.1205598488,2428.928767,0.1346413833,73.828125
1,0.3069658279,0.1039118692,2595.082325,0.1291906087,103.359375
1,0.3418802917,0.2597230673,2094.770099,0.1005402437,99.38401442
1,0.367161572,0.1970232725,2515.462487,0.1208902051,112.3471467
1,0.4665291905,0.1921139508,2224.110737,0.108509462,117.4538352
1,0.3656257391,0.2190022618,2645.785683,0.1364717771,117.4538352
1,0.408888191,0.2432288527,2207.219165,0.1115339357,99.38401442
1,0.4141762257,0.2581176758,2333.510454,0.1238195149,123.046875
1,0.4214355052,0.2709415853,2442.87141,0.1246824095,78.30255682
1,0.3682447076,0.2424658686,1827.2085,0.09403926793,117.4538352
1,0.3801354468,0.2482180595,2116.917659,0.1272710931,103.359375
1,0.3391751945,0.2514062226,2141.518182,0.1051251027,123.046875
1,0.4272911847,0.2512422204,2314.927762,0.1179503214,135.9991776
1,0.3961440623,0.2352475971,2060.750291,0.1133673506,112.3471467
1,0.3153082728,0.1501741707,1311.8488,0.05939169144,143.5546875
1,0.3658605516,0.124956809,1245.730096,0.04881868414,123.046875
1,0.336858809,0.1580333561,1441.899257,0.05086923881,172.265625
1,0.3780271411,0.1420423388,1006.645694,0.03205360596,172.265625
1,0.3484747112,0.05285291746,798.4511725,0.02564817165,107.6660156
1,0.3776144087,0.1319008619,1612.514945,0.05819685627,143.5546875
1,0.4220561385,0.09940700978,991.3935127,0.03605237638,63.02400915
1,0.3909136355,0.06308422983,918.5851689,0.03231153023,83.35433468
1,0.3776066005,0.06587731093,570.0403548,0.02169698315,58.72691761
1,0.3766846061,0.1410689056,1239.19558,0.0508790573,103.359375
1,0.3699436784,0.1870931685,1388.635157,0.0571470327,135.9991776
1,0.2605245411,0.05139950663,1132.135958,0.04829301709,143.5546875
1,0.3750623763,0.1983285993,1236.230772,0.04461485825,117.4538352
1,0.4429656863,0.1254554242,2310.49824,0.1284323189,123.046875
1,0.3702147007,0.1050112918,1538.394497,0.07476858565,92.28515625
2,0.2523919344,0.03624489158,1505.166424,0.09822270157,95.703125
2,0.2149950415,0.03062517382,1360.643672,0.08776562802,112.3471467
2,0.2779580951,0.04385954887,1490.275364,0.09004578439,99.38401442
2,0.2342293113,0.02944208495,1526.629882,0.108946385,71.77734375
2,0.2215737551,0.04231631383,1705.563259,0.1128571666,161.4990234
2,0.2685302794,0.04326223582,1431.055193,0.07521004024,143.5546875
2,0.2614744604,0.03321557119,1372.6378,0.07290118366,99.38401442
2,0.2765380144,0.04091151059,1358.850774,0.07312700901,215.3320313
2,0.2547534108,0.03404487669,1516.831118,0.07877792984,135.9991776
2,0.2705242932,0.02380259521,1216.187786,0.05624675234,234.9076705
2,0.2449553013,0.02951060422,1497.369087,0.08621732707,103.359375
2,0.2430950552,0.0214912761,950.2545384,0.06075721735,151.9990809
2,0.235615775,0.03140295669,1180.383445,0.06596252961,95.703125
2,0.2321762443,0.0317273289,1387.961803,0.08087606644,129.1992188
2,0.2340324819,0.03162530437,1279.434903,0.06845076252,143.5546875
2,0.216649875,0.0114332512,1371.280858,0.07571871375,83.35433468
2,0.2192797959,0.008015458472,1054.545714,0.04765745843,99.38401442
2,0.2563776374,0.03736282513,1358.547002,0.0810788561,89.10290948
2,0.2390041798,0.01869678684,1157.916744,0.07066634341,161.4990234
2,0.2839931846,0.007993845269,1185.210139,0.05762889417,184.5703125
2,0.2690434158,0.0384584479,1218.064728,0.06979967252,143.5546875
2,0.2667466998,0.04547975957,1371.062915,0.07953924074,135.9991776
2,0.2762569785,0.04788936302,1211.169748,0.06844094403,107.6660156
2,0.2672240436,0.01714996994,983.7246423,0.04421683162,95.703125
2,0.2532781959,0.06670055538,1253.102107,0.07162893344,151.9990809
2,0.2974256277,0.06410078704,1184.13255,0.06829215608,129.1992188
2,0.2457276136,0.03892717138,1278.513357,0.08173216357,161.4990234
2,0.2406926006,0.02841491252,901.6906629,0.05343262096,135.9991776
2,0.2629137337,0.06262078136,1314.282125,0.08109509438,161.4990234
2,0.2468695343,0.04165507853,1559.019163,0.09219376873,135.9991776
2,0.278370291,0.02971753664,1243.344734,0.06370465366,117.4538352
2,0.3032656312,0.02680611424,822.2358298,0.03944315545,112.3471467
2,0.2831827402,0.008044705726,792.8812344,0.03657275655,103.359375
2,0.3040646911,0.0123593444,1128.252612,0.05439596626,143.5546875
2,0.273979038,0.03891215846,1369.490089,0.07354051866,123.046875
2,0.3191639185,0.04067049921,1016.183869,0.06112352269,151.9990809
2,0.2392768562,0.01599917747,1282.285639,0.05940944026,107.6660156
2,0.2841500938,0.04153264314,1533.66823,0.09391540386,161.4990234
2,0.2944185436,0.04434818774,1279.275979,0.07583880148,151.9990809
2,0.2708035409,0.01281586662,1633.720073,0.1089565811,161.4990234
2,0.2505998611,0.01973159611,1396.592429,0.07262022368,117.4538352
2,0.2682406902,0.02128900588,1329.438385,0.07881720381,123.046875
2,0.2618308067,0.1341706663,1326.20344,0.09386497754,198.7680288
2,0.1910173893,0.115341574,1063.074682,0.05100896353,129.1992188
2,0.2522919178,0.01792615093,1181.340097,0.07171012483,80.74951172
2,0.2361487299,0.1383545101,1176.477463,0.06226149339,184.5703125
2,0.3468033373,0.1150993034,1878.382005,0.1115758532,129.1992188
2,0.2585114837,0.009495301172,1173.883591,0.06634016398,123.046875
2,0.2963742912,0.1608574092,1513.870637,0.08720002351,172.265625
2,0.3115868568,0.1238120794,2224.870164,0.1094464281,103.359375
2,0.2860925198,0.007976115681,1170.028076,0.04948709699,107.6660156
2,0.3813942373,0.08053867519,1527.629816,0.06010507873,135.9991776
2,0.3878121376,0.05546330288,2411.586618,0.1269315998,161.4990234
2,0.3041040301,0.1383577287,1462.3063,0.08767017105,215.3320313
2,0.3195151687,0.1741567999,1702.263184,0.115074959,95.703125
2,0.1865940839,0.01306298096,1079.408764,0.05933844499,78.30255682
2,0.3130445182,0.1898296922,1681.225473,0.09672226141,95.703125
2,0.2538405657,0.01678586006,1751.119563,0.09522957149,107.6660156
2,0.2656057775,0.03000552952,1137.99553,0.08184394335,143.5546875
2,0.2826412916,0.0691473186,1551.198031,0.09326625036,117.4538352
2,0.305331707,0.06875481457,1803.912154,0.1040197669,123.046875
2,0.2817732096,0.04819563031,1322.070442,0.07610465608,151.9990809
2,0.3201695383,0.03893661126,1474.667852,0.07402917754,89.10290948
2,0.2268728614,0.02014625818,690.2008583,0.03604482369,95.703125
2,0.1990084499,0.012561474,1117.850336,0.04228787522,89.10290948
2,0.2071802616,0.02924321033,828.7510282,0.04750791522,123.046875
2,0.1870638728,0.03179438785,794.9550524,0.04502194811,135.9991776
2,0.2673612833,0.03172246739,1117.992309,0.04635726327,143.5546875
2,0.2572900951,0.05737665296,1559.868903,0.0951725487,83.35433468
2,0.2366361767,0.02915039659,1349.275014,0.07925337152,69.83741554
2,0.2441882044,0.0319445245,1355.504022,0.07083778942,161.4990234
2,0.2080796957,0.05168052018,1397.437273,0.07586297008,143.5546875
2,0.2793487012,0.02072436735,1285.145712,0.0637424171,117.4538352
2,0.2163192183,0.04380865395,1211.613043,0.0709397507,129.1992188
2,0.2374052107,0.03731475398,1360.153923,0.07213798458,161.4990234
2,0.2173613161,0.01647871546,1171.462308,0.06086408788,117.4538352
2,0.2603875697,0.05881597474,1340.642382,0.07174562246,172.265625
2,0.2190362811,0.01675331034,811.5604155,0.0483349345,161.4990234
2,0.2251500785,0.006629291922,715.3997068,0.04128185724,67.99958882
2,0.2176304758,0.01883769594,789.4212072,0.05208824258,143.5546875
2,0.4379059374,0.005276444368,971.777391,0.03153360342,143.5546875
2,0.2668268979,0.016546119,1213.971712,0.06057444231,151.9990809
2,0.2827275693,0.0430018045,1415.261246,0.08737817515,117.4538352
2,0.2448527217,0.04188467935,852.7957557,0.05077634075,117.4538352
2,0.2457934171,0.02201145142,1001.73833,0.05794459651,112.3471467
2,0.3097789288,0.03889960051,1525.781034,0.09158955373,107.6660156
2,0.3120684326,0.03150967509,1356.154928,0.07683462333,99.38401442
2,0.2743581831,0.02146984264,876.9834293,0.0510448388,123.046875
2,0.2943689823,0.02827508189,1303.890587,0.0705662703,103.359375
2,0.2172875553,0.03513428196,2423.299494,0.1666526942,99.38401442
2,0.2159013897,0.02385325171,2172.138293,0.1519646051,95.703125
2,0.2259187102,0.04476765916,2192.65029,0.1524053044,92.28515625
2,0.1811374277,0.08414982259,1807.889891,0.1309681337,95.703125
2,0.2269280553,0.08249171823,1623.851928,0.1082496496,135.9991776
2,0.3688774407,0.01399055868,1423.457919,0.07011877356,184.5703125
2,0.2276929915,0.01356383599,1800.888692,0.1243542452,86.1328125
2,0.2930520177,0.05698667839,1933.689602,0.1175719318,135.9991776
2,0.2222650796,0.03672006354,1494.419821,0.08590993269,103.359375
2,0.2899193466,0.02909373119,1952.495511,0.1234226212,184.5703125
2,0.3339084685,0.01050552819,1525.123851,0.08068536108,95.703125
3,0.3840266764,0.2484183908,2797.84481,0.1072048611,86.1328125
3,0.4140324891,0.2305164784,2938.155358,0.126988245,129.1992188
3,0.2970454693,0.1465864033,2308.673365,0.07416238114,83.35433468
3,0.3768944144,0.2043635845,2174.033869,0.1025643836,161.4990234
3,0.3827809989,0.209497571,2966.086095,0.1241610028,117.4538352
3,0.4160605669,0.2039256245,2926.293311,0.1363724938,129.1992188
3,0.4214858115,0.2141377181,2807.798623,0.1283081335,112.3471467
3,0.4215383828,0.2441990376,2898.717713,0.112935825,103.359375
3,0.3553020358,0.2745161951,2505.711892,0.1045625873,66.25600962
3,0.4296525121,0.2365542501,3191.197463,0.1568727846,95.703125
3,0.2915408015,0.07470065355,1861.290435,0.07654006852,80.74951172
3,0.3009022772,0.07849885523,2839.288722,0.1101627453,112.3471467
3,0.2965644002,0.126963824,1667.439236,0.06405358783,89.10290948
3,0.3680890501,0.08004845679,2811.739872,0.1295221717,129.1992188
3,0.3649820387,0.09264493734,2952.856255,0.1247839931,135.9991776
3,0.3794479072,0.1048010439,1958.67739,0.09423639308,151.9990809
3,0.322488755,0.07984656841,1425.916477,0.06019529739,107.6660156
3,0.3573404253,0.08872513473,1470.18883,0.06387005752,89.10290948
3,0.3700265884,0.09679351002,2068.686362,0.09558907942,86.1328125
3,0.315651983,0.08208913356,1138.713247,0.05094476569,83.35433468
3,0.365293175,0.1052123159,2407.100635,0.08680454853,103.359375
3,0.2892020345,0.1098643914,1044.046212,0.04564919881,107.6660156
3,0.321503371,0.07515671849,1719.309237,0.0680572675,184.5703125
3,0.3053719103,0.03892014548,1494.66509,0.03546364438,83.35433468
3,0.2703538537,0.09658227861,1738.888674,0.0824179476,129.1992188
3,0.3472941518,0.07989732921,1564.759947,0.05727693893,73.828125
3,0.3298977911,0.1005648151,1269.449968,0.05480418902,107.6660156
3,0.3918275237,0.1166444346,2011.642324,0.09735036615,92.28515625
3,0.3182273507,0.09411196411,1474.196472,0.05981539721,89.10290948
3,0.3099286258,0.117108129,1214.048919,0.05421054778,89.10290948
3,0.2214398235,0.0795975402,1240.558751,0.04283431216,161.4990234
3,0.3133991957,0.1008553058,2053.229089,0.09532511299,112.3471467
3,0.3310410976,0.06052462384,1823.068794,0.06758635743,99.38401442
3,0.3169027865,0.1046445891,2456.633122,0.1236318307,92.28515625
3,0.3590630889,0.07825537771,2614.438373,0.1192822379,135.9991776
3,0.3758743703,0.09997710586,2321.871533,0.1043653023,99.38401442
3,0.3447217643,0.02278162539,1827.591866,0.08486652891,112.3471467
3,0.3739461899,0.07209603488,2068.588278,0.08496433621,99.38401442
3,0.3674087226,0.09092727304,2859.975602,0.1211492623,151.9990809
3,0.4376552701,0.09637788683,3760.290664,0.2123672238,123.046875
3,0.3734745085,0.1090320349,2449.980731,0.1063055878,143.5546875
3,0.3978546858,0.113300778,2634.080774,0.0958602209,129.1992188
3,0.3916279972,0.1177095771,2387.91672,0.08704434636,103.359375
3,0.4030801356,0.09503626078,2530.38888,0.1342852741,135.9991776
3,0.3601006866,0.1137002259,1729.62776,0.06650367967,78.30255682
3,0.3455141187,0.1466402113,2777.382855,0.1329707288,78.30255682
3,0.3742366433,0.1033316478,2109.288834,0.1158846614,78.30255682
3,0.3103597462,0.0906540677,1783.961052,0.09410006707,151.9990809
3,0.3110642135,0.1169326529,1939.764242,0.06396371085,117.4538352
3,0.3238537908,0.1435869932,1599.815255,0.07579197482,112.3471467
3,0.3511437774,0.109427169,1780.151918,0.07894522187,117.4538352
3,0.2747034132,0.09036240727,1552.852535,0.0592791564,64.59960938
3,0.3288068771,0.06952577829,1115.454265,0.03546288911,71.77734375
3,0.3733612001,0.1335852891,2271.80757,0.1083081829,89.10290948
3,0.3128623664,0.1043269038,1654.202272,0.06018472363,75.99954044
3,0.3570533991,0.1550333053,1881.29943,0.08111548663,129.1992188
3,0.3192198873,0.1362437159,1468.419061,0.05492503202,80.74951172
3,0.3150411546,0.1301541477,1741.739508,0.07544530646,67.99958882
3,0.3481647968,0.1638967991,1796.777146,0.07328712599,112.3471467
3,0.2843275964,0.1454936713,1535.279534,0.05253498405,135.9991776
3,0.3420780301,0.1410314739,1373.672818,0.04291625882,69.83741554
3,0.3145496845,0.1072588563,1397.821606,0.04858304029,60.09265988
3,0.3905179203,0.1301512569,2166.471557,0.1023355176,172.265625
3,0.333896637,0.1314766705,1614.748155,0.05825803304,83.35433468
3,0.2633974254,0.08256956935,1511.651094,0.06007520966,66.25600962
3,0.2828317285,0.1105702445,894.1632061,0.03866824971,123.046875
3,0.3206411898,0.1365132332,1701.919072,0.09890433162,112.3471467
3,0.3211699724,0.05543572828,857.6385823,0.03536394891,64.59960938
3,0.3493403494,0.08347783983,1130.954293,0.05023594596,172.265625
3,0.3522500098,0.08719071746,1327.683501,0.06107367496,112.3471467
3,0.3653284609,0.1443820298,1934.746539,0.09472278616,112.3471467
3,0.2926157117,0.1184152961,1261.472571,0.06051779715,143.5546875
3,0.3449936807,0.1566895396,1711.282313,0.08226991493,151.9990809
3,0.3748790026,0.09585826099,1549.004976,0.06973622994,151.9990809
3,0.3550249636,0.08233685791,1534.025677,0.07112819026,135.9991776
3,0.3718628585,0.1797410995,2187.086711,0.1137185506,95.703125
3,0.2972587049,0.1283528507,1321.163088,0.06649877042,143.5546875
3,0.3373612463,0.131497696,1512.99856,0.08782189554,184.5703125
3,0.3763606548,0.04335498065,1144.717919,0.04989569738,66.25600962
3,0.3103309274,0.1153411865,963.4905602,0.04576060095,80.74951172
3,0.3876135051,0.1532734334,2049.045781,0.08936113327,99.38401442
3,0.3784409761,0.1678869873,2102.328189,0.1010477843,89.10290948
3,0.3860301375,0.1665889174,2253.352183,0.1060631465,117.4538352
3,0.3185363114,0.1310582757,1436.075049,0.05954463336,143.5546875
3,0.3198367357,0.1806954741,1964.84288,0.09299284307,86.1328125
3,0.3378933966,0.1354954243,1596.307516,0.06926758568,73.828125
3,0.3722196817,0.1336390972,1879.40052,0.07828473934,117.4538352
3,0.3285036385,0.108626768,1591.292872,0.07395969282,143.5546875
3,0.3537356853,0.1526851952,1622.736351,0.06605051842,103.359375
3,0.3221817315,0.1046939641,1321.594969,0.05249193373,143.5546875
3,0.3713018894,0.1474513561,1927.414343,0.09899685204,135.9991776
3,0.3534350097,0.08950489014,1563.328275,0.06473823895,117.4538352
3,0.3704802096,0.1765342951,2335.073289,0.1212093061,161.4990234
3,0.251088053,0.09255199879,1537.649194,0.06812788513,86.1328125
3,0.3668139875,0.2067791373,1474.633908,0.06299961028,112.3471467
3,0.3288687766,0.1753369868,1557.683895,0.06736695186,89.10290948
3,0.3257450759,0.218129456,1754.279131,0.09741305346,117.4538352
3,0.3480777442,0.1531419158,1560.97044,0.06719928219,112.3471467
3,0.2708181739,0.1763221771,1425.010296,0.06172207318,117.4538352
3,0.3808384836,0.2208106965,2157.477061,0.1082458732,143.5546875
4,0.4454765022,0.1421838999,2297.869205,0.09652545382,117.4538352
4,0.4106862247,0.1772209257,3292.625967,0.1885523173,117.4538352
4,0.4120789766,0.1613253057,3592.101258,0.153338439,92.28515625
4,0.4950371683,0.1963644773,3045.769505,0.149560734,129.1992188
4,0.38210693,0.1145965159,3328.485124,0.1690144196,123.046875
4,0.4480499327,0.2069209218,2722.744188,0.1446281579,107.6660156
4,0.4739753306,0.1919864565,2848.348404,0.163645214,123.046875
4,0.4315803945,0.1596560925,3098.981629,0.1402915488,129.1992188
4,0.454277426,0.1905459762,2801.648341,0.1643124669,123.046875
4,0.4420175254,0.1190622672,3016.962145,0.1706677029,129.1992188
4,0.4376908839,0.2329629809,2877.324969,0.1503026362,107.6660156
4,0.3734517694,0.188952595,3132.818575,0.1309711548,95.703125
4,0.4283207357,0.1756594777,2737.426247,0.1314991139,112.3471467
4,0.4212251604,0.1708529145,3391.382979,0.1595289993,184.5703125
4,0.4361645877,0.1738151759,3087.386905,0.156306689,103.359375
4,0.4149116278,0.2159783989,2362.199995,0.09022704889,123.046875
4,0.4352490306,0.2057725638,2520.400967,0.1142480843,123.046875
4,0.4044994116,0.1161289066,2564.319118,0.1207210249,123.046875
4,0.3698973954,0.1388271004,3042.884603,0.1435833877,123.046875
4,0.4450418353,0.1470512003,2117.530159,0.1036553497,117.4538352
4,0.3425062597,0.1245862395,2116.927275,0.1032629876,161.4990234
4,0.4013673663,0.1114166826,3248.613332,0.1240453403,107.6660156
4,0.4365462363,0.1368904263,3708.046288,0.1728866825,123.046875
4,0.435330987,0.1782562882,3167.567655,0.1509782241,112.3471467
4,0.3727270961,0.1429800987,2624.595373,0.1202165053,129.1992188
4,0.3580080271,0.1079154536,2410.182747,0.09966035564,123.046875
4,0.4012795985,0.1430795938,3043.48149,0.131595762,117.4538352
4,0.4852269292,0.115638867,2908.392061,0.1011829775,112.3471467
4,0.4831115305,0.1725804508,3715.271351,0.1983751148,123.046875
4,0.384002924,0.1476060152,3074.942778,0.1385359266,103.359375
4,0.4501512349,0.1700264961,3167.833752,0.1507754344,135.9991776
4,0.4172124863,0.1157709733,3256.774035,0.1737518429,123.046875
4,0.3683449626,0.1110733375,2446.919077,0.1232511752,112.3471467
4,0.3918872178,0.1570010632,2450.050075,0.1244871725,129.1992188
4,0.3576630652,0.1229035184,3653.609029,0.1808128504,129.1992188
4,0.4023075402,0.1525747776,3623.362917,0.1763363725,123.046875
4,0.4345730841,0.1731330752,3347.884481,0.1620300718,135.9991776
4,0.4544717669,0.164026171,3637.194459,0.1900112686,129.1992188
4,0.3706020713,0.1131540239,3353.272604,0.168202128,123.046875
4,0.3410526216,0.1243307367,2327.861966,0.1011584312,112.3471467
4,0.4208872318,0.1451822668,2606.215652,0.1264267027,135.9991776
4,0.3557089865,0.1754993498,1776.084333,0.05384424244,161.4990234
4,0.3940215111,0.1360112876,2403.569442,0.1216409422,103.359375
4,0.4201892912,0.173718214,2874.940335,0.134738813,129.1992188
4,0.3669142723,0.1489730328,2329.990134,0.109589874,123.046875
4,0.4073350728,0.1354817301,2248.003751,0.1097190249,123.046875
4,0.3763407469,0.1130586341,2259.565542,0.1141981463,123.046875
4,0.220175311,0.04700716957,1710.869314,0.08700922636,123.046875
4,0.4097993374,0.1123151705,2617.358915,0.1543376595,99.38401442
4,0.4212601483,0.2095554024,2396.997939,0.135275809,123.046875
4,0.4511117041,0.1590265781,2375.876795,0.1287397132,107.6660156
4,0.4603788853,0.1063893735,2650.631198,0.157629876,107.6660156
4,0.4163177311,0.1253658533,2590.650686,0.1697749752,123.046875
4,0.4678385854,0.1726531684,3078.378083,0.1542126625,135.9991776
4,0.4011896253,0.05218472332,2565.316236,0.1146029703,112.3471467
4,0.463186115,0.121532917,2107.89552,0.1103900812,129.1992188
4,0.3583459556,0.07621330768,1754.627105,0.07692752139,89.10290948
4,0.370146066,0.07621382177,1937.522531,0.09243054549,117.4538352
4,0.4173424542,0.1222548336,2217.982602,0.1109455814,129.1992188
4,0.4036504328,0.1169466749,2279.91974,0.1101755849,123.046875
4,0.4348111451,0.1145268083,1974.340405,0.09297320609,129.1992188
4,0.3233202398,0.1844530702,2549.014977,0.1158336808,123.046875
4,0.4268376231,0.1511131078,2387.465634,0.1276283353,107.6660156
4,0.5480401516,0.2940036058,2583.568497,0.0997170008,129.1992188
4,0.3882597089,0.09224250913,2144.753941,0.06487645314,123.046875
4,0.4710982442,0.1853893846,1886.637315,0.07361868897,129.1992188
4,0.4507315159,0.1697233468,2492.489317,0.1385699137,135.9991776
4,0.364895016,0.09138630331,2541.812407,0.1432352088,99.38401442
4,0.4161804616,0.1068369076,2955.9682,0.1626135169,107.6660156
4,0.3891928792,0.111631386,1931.082069,0.08360371955,107.6660156
4,0.4555670917,0.1110583767,2449.233952,0.1345836052,107.6660156
4,0.4354996979,0.09815234691,2808.91251,0.1559003106,112.3471467
4,0.4342259765,0.08454555273,2902.759009,0.1840673035,135.9991776
4,0.4463262558,0.09555700421,2847.326967,0.1763450581,112.3471467
4,0.4029155076,0.1776878834,2648.735088,0.151073388,112.3471467
4,0.4291898906,0.1109771952,2690.414589,0.1298956521,135.9991776
4,0.3532658219,0.1242803931,2251.453729,0.1218607254,129.1992188
4,0.4156816304,0.2067382038,2309.203496,0.117580995,117.4538352
4,0.3319040239,0.06823889911,2218.663819,0.09612456497,129.1992188
4,0.4528494477,0.08479651064,2292.275548,0.09976307219,123.046875
4,0.3885461092,0.05924209952,2144.366952,0.08474190956,99.38401442
4,0.3582447767,0.07876539975,2292.713829,0.1164020205,86.1328125
4,0.4228900373,0.1810090393,2577.110523,0.1381975662,123.046875
4,0.4141053259,0.08759053797,1959.005961,0.08998536289,117.4538352
4,0.5034771562,0.06201317161,2455.065763,0.1514181681,112.3471467
4,0.5681706667,0.08922863007,3004.272932,0.1586842312,123.046875
4,0.3950679302,0.1653669029,1867.699334,0.09446561715,123.046875
4,0.3847195804,0.1192995161,2139.639539,0.1002388915,107.6660156
4,0.3979275227,0.1190566123,2238.588188,0.1314061896,123.046875
4,0.4297175109,0.1003831699,2128.799105,0.1118250918,129.1992188
4,0.4852291048,0.09066109359,2574.454343,0.146113538,129.1992188
4,0.4167321324,0.1737753302,2038.150357,0.09160579201,99.38401442
4,0.3706847727,0.1067119092,2457.290748,0.1174699705,117.4538352
4,0.4074063897,0.1533585042,2460.630413,0.137022368,107.6660156
4,0.4168207943,0.09939363599,2207.386073,0.09355627356,135.9991776
4,0.4679374397,0.09845840931,2486.676086,0.1180315128,123.046875
4,0.4166147113,0.09201522917,2481.466513,0.1343604233,103.359375
4,0.4149725139,0.1081843451,2825.891195,0.1204506387,129.1992188
4,0.4409950674,0.1226780564,2417.757363,0.1125694092,123.046875
4,0.4409950674,0.1226780564,2417.757363,0.1125694092,123.046875
5,0.4607284069,0.1252747327,2667.940502,0.1473087508,117.4538352
5,0.4572514594,0.2855213284,2808.849567,0.09770647537,92.28515625
5,0.404255271,0.09351594001,1490.156547,0.05871157193,99.38401442
5,0.4672884345,0.266418457,2492.860234,0.1035012749,92.28515625
5,0.4492203593,0.2007095516,2372.067953,0.09985143864,95.703125
5,0.4905616939,0.2617201209,2709.304332,0.1245830916,71.77734375
5,0.4639833272,0.2708785534,2858.072527,0.1281702406,99.38401442
5,0.4326165617,0.2639992237,2046.591597,0.07863669458,123.046875
5,0.4536229074,0.1418302506,3070.761702,0.1770497239,172.265625
5,0.5606098175,0.2157953233,2200.037686,0.09830917984,103.359375
5,0.4272348285,0.1716704071,2284.24339,0.1254263492,95.703125
5,0.4440117478,0.2037734985,2095.420824,0.09415142534,135.9991776
5,0.3588052392,0.1989244372,1976.886424,0.08725355581,99.38401442
5,0.3403002322,0.1367334127,1798.645196,0.09662455288,103.359375
5,0.4896990955,0.1852236837,2436.413865,0.1338294694,135.9991776
5,0.4238881171,0.1401759386,2397.185695,0.1160096584,198.7680288
5,0.467463851,0.2078583091,2432.409998,0.1103998997,99.38401442
5,0.4811076522,0.191451028,2145.006017,0.08037456799,99.38401442
5,0.46169433,0.1655362248,2677.016158,0.1457245746,143.5546875
5,0.432046026,0.2259290218,2470.274472,0.100136175,99.38401442
5,0.4901687801,0.1759265661,2678.321539,0.1080872668,117.4538352
5,0.4300035238,0.2419403791,2406.175124,0.1197191609,99.38401442
5,0.4395391047,0.173576355,2025.565006,0.07539659162,99.38401442
5,0.3818584085,0.1905768216,2240.302229,0.1066571654,92.28515625
5,0.4309248626,0.1786216497,2517.926,0.1388595593,103.359375
5,0.5073554516,0.2516586781,2305.42309,0.1074248961,107.6660156
5,0.4755860269,0.1645843238,3460.304982,0.172685069,103.359375
5,0.4277687967,0.1350645125,2639.572978,0.1025435767,92.28515625
5,0.3744789958,0.1545766145,2773.956567,0.1145214013,92.28515625
5,0.4394577742,0.1667228192,3127.019736,0.1153329272,123.046875
5,0.539096117,0.1939774156,3725.198599,0.172685781,89.10290948
5,0.4798058569,0.2131300867,3084.761864,0.1364436194,99.38401442
5,0.4754365385,0.13454476,2145.749611,0.07872191437,99.38401442
5,0.5000749826,0.2141846418,2987.722249,0.1528155048,95.703125
5,0.4710885286,0.2275740504,3191.782962,0.1693078754,198.7680288
5,0.5295644999,0.19201608,2827.182593,0.1034321869,143.5546875
5,0.5177503824,0.08997391164,2967.125658,0.1218853575,117.4538352
5,0.4091854692,0.1585788578,3785.403949,0.2142260002,143.5546875
5,0.398339659,0.269859612,2208.645681,0.09738436612,184.5703125
5,0.3928118348,0.1845345944,2693.202928,0.1115637577,184.5703125
5,0.3457660079,0.1308528036,2457.193779,0.1035000888,80.74951172
5,0.4253970385,0.1869395673,2702.62172,0.1193662701,92.28515625
5,0.4494511187,0.2491888404,2896.942447,0.101710464,92.28515625
5,0.4446610212,0.1363709122,1846.29404,0.06175611091,89.10290948
5,0.3543922007,0.03917733952,2507.136101,0.1407455907,117.4538352
5,0.3928118348,0.1845345944,2693.202928,0.1115637577,184.5703125
5,0.4922775924,0.2281522453,2306.784655,0.09147097653,95.703125
5,0.4493338168,0.2470934838,3235.574042,0.109297585,95.703125
5,0.4162625968,0.2303320467,2345.270238,0.07751058887,95.703125
5,0.4843434095,0.2888338864,3085.470366,0.1087371755,129.1992188
5,0.4270693064,0.2737922072,1683.294888,0.04243024338,99.38401442
5,0.3934247196,0.2440556735,2500.421635,0.09950325974,103.359375
5,0.4611786902,0.1100279316,2595.62152,0.08233033643,103.359375
5,0.5068262219,0.1089681685,3079.127911,0.1070770948,107.6660156
5,0.4469508231,0.1242189705,3258.415438,0.126236375,112.3471467
5,0.3903978467,0.1337987185,1734.632545,0.07246048434,107.6660156
5,0.4916582406,0.1666397154,2355.729244,0.07014558561,99.38401442
5,0.4003952146,0.2247770429,1811.189882,0.05144211016,89.10290948
5,0.5061637759,0.1304527819,2677.808848,0.1361368154,172.265625
5,0.4997234344,0.1512997299,1948.93753,0.06298488254,92.28515625
5,0.4395285845,0.1803137809,1716.940779,0.05387294265,184.5703125
5,0.4735472202,0.1556059718,1811.362844,0.06730426455,184.5703125
5,0.4718393683,0.1908626407,2449.056972,0.1095162353,92.28515625
5,0.4455584884,0.1860881001,2670.95905,0.1221979529,92.28515625
5,0.4080923498,0.2360553592,2429.668166,0.07979187814,86.1328125
5,0.4185700715,0.207148701,2446.855386,0.08855148516,95.703125
5,0.4095302522,0.1897737384,2244.692842,0.07937459215,92.28515625
5,0.4982671738,0.2180105746,3053.718062,0.1268708007,95.703125
5,0.4220911264,0.2288438827,2544.783786,0.09567404715,95.703125
5,0.489331305,0.271938771,3297.406173,0.1208822747,129.1992188
5,0.4308995605,0.2789468169,2500.605284,0.06922378009,95.703125
5,0.4038450122,0.247032389,3184.921787,0.1075113743,95.703125
5,0.437933892,0.2528899312,1821.519761,0.05152745553,99.38401442
5,0.4224089086,0.3004069626,2566.851435,0.08562104239,92.28515625
5,0.4739093781,0.2083721757,2774.610523,0.1107424141,99.38401442
5,0.4511508048,0.1916459501,3140.810674,0.1468144274,92.28515625
5,0.424605459,0.2371995151,2327.684579,0.09665249782,95.703125
5,0.4608964026,0.2386341095,2987.624632,0.137623562,117.4538352
5,0.424605459,0.2371995151,2327.684579,0.09665249782,95.703125
5,0.4273597002,0.1548399329,3211.823403,0.1722926636,103.359375
5,0.4038399458,0.1414231509,3377.753402,0.1549313008,95.703125
5,0.5205440521,0.08646377176,1470.311629,0.05182163271,103.359375
5,0.5035679936,0.1023021713,2291.140721,0.1133099502,107.6660156
5,0.4477661252,0.1106709912,2367.661722,0.1108368227,103.359375
5,0.5132727623,0.06589330733,2044.053413,0.1051096197,112.3471467
5,0.4766227901,0.1062449068,2607.827742,0.1272167138,112.3471467
5,0.4797452688,0.07907072455,2083.43225,0.07984399169,99.38401442
5,0.5837064385,0.1080398634,2473.15734,0.08777506888,135.9991776
5,0.4600233138,0.1185619459,2694.87752,0.1498857278,117.4538352
5,0.4984054267,0.1207509041,2669.979676,0.1175723094,123.046875
5,0.4825764596,0.1092228144,2272.772902,0.1044393187,151.9990809
5,0.5337244868,0.1136025935,2628.952415,0.138551032,103.359375
5,0.4779579639,0.122631453,2329.947061,0.07259227874,112.3471467
5,0.4765771627,0.06725071371,3185.477796,0.1521315195,117.4538352
5,0.4589996338,0.1107695326,1929.734081,0.05418184757,151.9990809
5,0.5624470115,0.1034677625,2735.775141,0.1575562373,112.3471467
5,0.4247977436,0.1108286008,1752.626789,0.08311732647,107.6660156
5,0.4740489125,0.1184973493,2582.203954,0.1160051268,151.9990809
5,0.5333131552,0.1191109344,2538.747388,0.1007060252,107.6660156
5,0.430809021,0.1536910385,1962.680819,0.1015149181,107.6660156
6,0.3445114791,0.04674655199,1503.869486,0.07841653374,123.046875
6,0.3279922307,0.02279501036,1266.582864,0.05929388414,135.9991776
6,0.2677288353,0.08084715158,1064.668667,0.05785736296,151.9990809
6,0.3192539811,0.05946718156,813.0633337,0.04464997825,92.28515625
6,0.1719392091,0.1087761298,1039.263106,0.04775035649,64.59960938
6,0.2481896579,0.1075651273,1268.325308,0.05787511178,107.6660156
6,0.2748771608,0.09862466156,1219.493013,0.04803962442,135.9991776
6,0.1972312927,0.09382712841,1169.740409,0.0648266054,61.5234375
6,0.3573435843,0.1185495332,1304.588618,0.04626700865,107.6660156
6,0.2671921849,0.08535753936,749.3539041,0.03168654534,107.6660156
6,0.3296292424,0.06417053938,829.4674018,0.03306037921,112.3471467
6,0.3004924655,0.07120743394,1825.673657,0.07688862505,99.38401442
6,0.3637768924,0.03755164519,1650.852354,0.06368954829,112.3471467
6,0.3143246174,0.05548240244,1789.982726,0.06107594076,99.38401442
6,0.1986708343,0.03932670876,1171.556568,0.06491837055,129.1992188
6,0.3327581286,0.06239524111,1782.224,0.0735563793,117.4538352
6,0.2495352179,0.06056035683,1465.857446,0.06984498864,73.828125
6,0.3454061747,0.04986221716,1934.164818,0.08414373671,215.3320313
6,0.3534735739,0.05226358399,1993.352766,0.0877082276,103.359375
6,0.2482139915,0.05021158978,1352.803606,0.05545069908,184.5703125
6,0.2891766131,0.02711972408,1171.224448,0.03296332717,107.6660156
6,0.4327067435,0.04797696695,2915.017702,0.181372127,123.046875
6,0.2015175372,0.05050650984,1451.871047,0.05122421512,129.1992188
6,0.221140936,0.08780123293,1988.662272,0.08013779123,86.1328125
6,0.3489882946,0.05886516348,2034.479191,0.09322282241,103.359375
6,0.2682470977,0.06937808543,1697.836245,0.0635985384,103.359375
6,0.2018175423,0.03196602687,1367.327325,0.05861036591,151.9990809
6,0.3251491189,0.04061781615,1769.392505,0.06268088687,143.5546875
6,0.276492238,0.04876205698,1854.026498,0.07490491166,99.38401442
6,0.3041545451,0.03634266928,2235.343539,0.09937373115,112.3471467
6,0.2351758033,0.02959794737,1687.869551,0.08464938914,215.3320313
6,0.3110483587,0.04359786958,1752.759111,0.07237627187,112.3471467
6,0.2807078958,0.04053167626,1521.904429,0.06138106934,129.1992188
6,0.2739723623,0.06979430467,1169.144817,0.04233319134,95.703125
6,0.3116997182,0.1300726235,1759.486745,0.07934929065,95.703125
6,0.2646003962,0.09149165452,844.0844181,0.0377256743,71.77734375
6,0.322393328,0.08055911213,1481.568587,0.09950288211,123.046875
6,0.2848585546,0.1066372097,1276.195176,0.05150064349,95.703125
6,0.2856655419,0.0977999866,1554.623614,0.0663941657,151.9990809
6,0.2476295531,0.08227230608,1310.931348,0.07648568917,99.38401442
6,0.236700505,0.138076067,1316.853502,0.05484723934,99.38401442
6,0.3081498444,0.07826619595,1617.443036,0.1005878257,95.703125
6,0.2850607038,0.0995189324,1344.255959,0.06118583237,73.828125
6,0.2540090084,0.1117653549,1761.322747,0.08571960496,151.9990809
6,0.2764832377,0.08651376516,1004.610954,0.04966836149,103.359375
6,0.2786840498,0.1003565267,937.4217616,0.04262170401,73.828125
6,0.2504926324,0.1105082482,1295.181427,0.05863604505,107.6660156
6,0.3585662246,0.05391008034,1981.662203,0.09353588131,69.83741554
6,0.2825996578,0.05867596716,1748.400552,0.07930246399,129.1992188
6,0.209941268,0.1843590587,2049.64052,0.06476844971,184.5703125
6,0.4100870788,0.1905163825,2485.940908,0.08126299097,151.9990809
6,0.2739872634,0.06979591399,1193.266213,0.04243553026,95.703125
6,0.3662376404,0.1884319931,2289.574756,0.07725502618,107.6660156
6,0.3117163181,0.1300957501,1804.590753,0.0795233801,95.703125
6,0.2782703042,0.1623940021,1670.233117,0.06482669412,161.4990234
6,0.2645995319,0.0914908722,871.4359866,0.03777854312,71.77734375
6,0.3726732731,0.1983674914,2976.346758,0.1147404597,123.046875
6,0.2341676801,0.07813578844,1378.524274,0.06185877683,95.703125
6,0.3224032223,0.08056202531,1545.494758,0.09960031177,123.046875
6,0.3164076209,0.182438463,1391.473642,0.0380171393,107.6660156
6,0.2848820388,0.1066514924,1427.40089,0.05241074234,95.703125
6,0.3702608645,0.2318897992,2454.905302,0.09425926648,172.265625
6,0.2857098579,0.09782096744,1725.416933,0.0675157398,151.9990809
6,0.3828101754,0.1625447869,2481.389015,0.09874629683,123.046875
6,0.3798817396,0.2121071219,1574.646367,0.05584230593,99.38401442
6,0.2476230115,0.08227276057,1337.475442,0.07649135368,99.38401442
6,0.257768482,0.1729393452,1579.490439,0.08832461117,129.1992188
6,0.2367195338,0.1380803883,1353.683821,0.05493220708,99.38401442
6,0.2850633264,0.09952051193,1381.973611,0.06120433645,73.828125
6,0.2541193664,0.1118093506,2011.467664,0.08750241686,151.9990809
6,0.2765007615,0.08652106673,1116.216545,0.05004033135,103.359375
6,0.2772738636,0.1003571823,970.882823,0.04257072337,151.9990809
6,0.2504917979,0.1105086133,1336.153705,0.05872063515,107.6660156
6,0.3322758973,0.1332083791,2967.777464,0.1297000375,112.3471467
6,0.2948867381,0.1127549186,2415.034392,0.09553696587,83.35433468
6,0.2936961949,0.1469711363,2902.086088,0.1264890124,103.359375
6,0.3032039702,0.1191559806,1733.471676,0.06870037884,117.4538352
6,0.3073877692,0.1457840502,2777.858706,0.1308816554,184.5703125
6,0.2661226094,0.1192288846,2503.275005,0.09586928413,80.74951172
6,0.3383476138,0.06985007226,2634.04303,0.1078452031,107.6660156
6,0.3706232905,0.07574117929,3029.382383,0.1403485716,135.9991776
6,0.4417487085,0.04324828833,3026.607139,0.1001274894,117.4538352
6,0.4014523327,0.04783738405,3905.044386,0.2066977988,99.38401442
6,0.4293185174,0.07434421778,3392.946994,0.1496451747,107.6660156
6,0.3929894269,0.05170015991,2875.081678,0.1183124728,123.046875
6,0.3253361583,0.07143145055,2860.571859,0.1475591224,80.74951172
6,0.3374767303,0.05242242664,4135.664564,0.261637181,135.9991776
6,0.3424496651,0.04581201077,1846.466568,0.0428346898,135.9991776
6,0.290966332,0.09159285575,2427.985227,0.06902703258,129.1992188
6,0.2804654539,0.04505297169,1787.421409,0.06275188213,54.97839096
6,0.2700247467,0.06138108298,1875.010121,0.05414181832,135.9991776
6,0.2310152799,0.04092894122,2959.143008,0.1514797225,112.3471467
6,0.2701715827,0.05356717855,2215.195808,0.07547665011,117.4538352
6,0.2694237232,0.04530353844,2152.894239,0.08172045691,83.35433468
6,0.2373483628,0.03979180008,1077.231528,0.04150088517,123.046875
6,0.3112347424,0.06818181276,1854.556905,0.06336251692,117.4538352
6,0.2987700403,0.04441989958,1873.833302,0.07771677724,135.9991776
6,0.2240491509,0.02118668705,1176.181446,0.03990764574,86.1328125
6,0.3275933862,0.06016151235,1885.601099,0.05813114789,80.74951172
6,0.2959117889,0.03926887736,1492.234676,0.04617901984,135.9991776
7,0.4877155423,0.1161254942,3274.488271,0.1830193681,95.703125
7,0.4769029319,0.09729799628,2922.845195,0.1528407168,78.30255682
7,0.4324153364,0.1328103244,2198.918006,0.1283409313,112.3471467
7,0.4875539243,0.1501832157,2752.264617,0.1666734641,99.38401442
7,0.634766221,0.06347561628,3403.073174,0.1923507136,135.9991776
7,0.4224428236,0.1218812093,2464.467489,0.1343192612,151.9990809
7,0.4340326786,0.05047249794,3236.92534,0.1980427965,123.046875
7,0.5814295411,0.06949906051,2939.466844,0.1683108867,151.9990809
7,0.4666092992,0.05840561911,2966.078583,0.1405615574,117.4538352
7,0.527148962,0.3128473163,2250.699842,0.09464725928,112.3471467
7,0.5418518782,0.1181538403,3048.820089,0.1964922298,184.5703125
7,0.5109512806,0.2307636887,2699.885484,0.1714403428,161.4990234
7,0.6050133705,0.1143190712,2803.031788,0.1768272972,172.265625
7,0.6362097263,0.08633401245,3047.552789,0.203522649,135.9991776
7,0.552626431,0.07759673893,2877.389184,0.1852523202,151.9990809
7,0.4851480126,0.1109639183,2986.718851,0.1692092789,172.265625
7,0.5019341111,0.2697980404,2743.489076,0.1795621254,92.28515625
7,0.5810323954,0.1138199195,2657.012957,0.1587151972,107.6660156
7,0.5555548072,0.1184369996,2291.649003,0.180260749,99.38401442
7,0.5552319288,0.1009232029,2699.282253,0.1614273673,112.3471467
7,0.4959586859,0.1173624247,2657.912854,0.1523490369,99.38401442
7,0.5255270004,0.108467117,3046.578032,0.1915459747,107.6660156
7,0.3700182438,0.1988551319,2218.743706,0.1069520978,135.9991776
7,0.5272496343,0.1952975541,2575.097301,0.1317064089,143.5546875
7,0.4787251949,0.2315323055,2410.798727,0.1282888178,112.3471467
7,0.4655370414,0.1004830226,2384.552716,0.1260732369,135.9991776
7,0.4846100509,0.1382115483,2870.818647,0.1981458907,129.1992188
7,0.4747161269,0.1650902033,2398.074362,0.1282435017,129.1992188
7,0.4810055494,0.1441461593,2789.376791,0.1798887791,135.9991776
7,0.4409674704,0.08902858943,2954.984809,0.1632804192,123.046875
7,0.4625313282,0.2303411514,1525.04298,0.05118078717,129.1992188
7,0.4462625384,0.2205635011,2566.813953,0.1251472774,135.9991776
7,0.4365011454,0.1365538239,2502.87084,0.1481127344,117.4538352
7,0.4802482426,0.2568500638,2030.381716,0.09999833841,123.046875
7,0.4069330096,0.09051078558,2706.984946,0.1608273063,161.4990234
7,0.5013971329,0.2708441317,2836.907115,0.1627532416,117.4538352
7,0.5190619826,0.1122196242,2685.529888,0.1604334336,143.5546875
7,0.3958281577,0.1120336205,2292.382423,0.1236008646,135.9991776
7,0.470392704,0.1459657252,2690.65858,0.148257746,95.703125
7,0.379209429,0.1543120891,2097.998519,0.08823464992,117.4538352
7,0.5092685819,0.1046234518,2710.794745,0.1665242985,107.6660156
7,0.4561342597,0.09760946035,2269.128009,0.1373478889,117.4538352
7,0.4366719127,0.09366292506,2464.27869,0.1518611333,129.1992188
7,0.4382746518,0.09049835801,2683.280387,0.1772645978,95.703125
7,0.4696050882,0.09543592483,2759.97742,0.1712058319,117.4538352
7,0.4302144349,0.08806443959,2390.257225,0.1443216629,61.5234375
7,0.4824357033,0.2124964148,2795.223327,0.1636799564,117.4538352
7,0.4310552776,0.2175908238,2908.281431,0.178108233,103.359375
7,0.4770068526,0.224511832,2889.194292,0.1765742822,107.6660156
7,0.5244612098,0.2176125646,2980.010398,0.1939877586,99.38401442
7,0.5023053885,0.2490736395,2986.747383,0.1774496387,112.3471467
7,0.5167288184,0.2262727767,3400.916289,0.2283804319,107.6660156
7,0.5337420106,0.2399416864,2716.988684,0.1621916993,161.4990234
7,0.4928274453,0.2274986058,2906.766679,0.1725668262,123.046875
7,0.5104593039,0.2071897686,3113.699817,0.1957180793,123.046875
7,0.4993704855,0.2325936705,3108.487824,0.1968404087,172.265625
7,0.4635229111,0.242938146,3010.954446,0.1793064669,107.6660156
7,0.4875595272,0.207197085,2718.609163,0.1437182032,129.1992188
7,0.4615266025,0.1845526844,2459.499423,0.1428334058,143.5546875
7,0.4676296115,0.1823669821,2442.474785,0.1498219076,99.38401442
7,0.5403491259,0.1257605851,2315.317248,0.1394849218,89.10290948
7,0.5092685819,0.1046234518,2710.794745,0.1665242985,107.6660156
7,0.4561342597,0.09760946035,2269.128009,0.1373478889,117.4538352
7,0.4366719127,0.09366292506,2464.27869,0.1518611333,129.1992188
7,0.4382746518,0.09049835801,2683.280387,0.1772645978,95.703125
7,0.4696050882,0.09543592483,2759.97742,0.1712058319,117.4538352
7,0.4302144349,0.08806443959,2390.257225,0.1443216629,61.5234375
7,0.46917063,0.1362957805,2254.453491,0.1201160546,135.9991776
7,0.463044256,0.09837739915,2302.499564,0.1307011462,161.4990234
7,0.4541178048,0.1736667007,1740.72285,0.05375889707,161.4990234
7,0.4147362411,0.04884930328,2743.055985,0.142846623,117.4538352
7,0.4800001681,0.1153501943,2807.794461,0.1537296682,86.1328125
7,0.4451933503,0.1944085807,2339.714908,0.116770214,123.046875
7,0.4300241172,0.2935759425,2642.018426,0.1212886093,143.5546875
7,0.4834923446,0.04085097834,2725.294598,0.13498352,123.046875
7,0.4484459758,0.2447736859,2068.355587,0.08885850191,112.3471467
7,0.4960103631,0.09693776816,2792.488597,0.162491541,143.5546875
7,0.4408455491,0.1491502523,2740.920991,0.159918718,151.9990809
7,0.5337368846,0.2696712017,2814.978063,0.1317906214,99.38401442
7,0.4724055529,0.127425611,2710.543163,0.1438552845,123.046875
7,0.4970466495,0.1399349868,2847.570458,0.1440546754,161.4990234
7,0.5177817345,0.1904101968,2137.920771,0.121935497,151.9990809
7,0.5132454038,0.1316424757,2378.350842,0.1412658455,123.046875
7,0.4575085044,0.2087118626,2340.639542,0.1228716526,117.4538352
7,0.4805833697,0.2298491001,2522.065033,0.1385170449,151.9990809
7,0.4412083626,0.1519908309,2646.949772,0.1577129556,103.359375
7,0.4344843924,0.08830418438,2629.810643,0.1590101297,123.046875
7,0.516546607,0.2673795223,3338.5819,0.1867394444,95.703125
7,0.4214829504,0.133361131,1988.223473,0.09239202678,117.4538352
7,0.4557159245,0.2661418319,1443.331413,0.0465377725,151.9990809
7,0.4269870222,0.1466410607,2141.405303,0.08463503903,89.10290948
7,0.380120039,0.1160408631,2323.458546,0.1200435488,92.28515625
7,0.3419084549,0.1663338691,2089.971058,0.09328588735,117.4538352
7,0.4444195032,0.09202369303,2644.696989,0.1416087376,172.265625
7,0.4069330096,0.09051078558,2706.984946,0.1608273063,161.4990234
7,0.5291817188,0.1854469627,2446.267671,0.1211167857,151.9990809
7,0.5183818936,0.1882441044,2493.501781,0.1281732617,161.4990234
7,0.4919320047,0.1860910356,1983.769077,0.08622601266,112.3471467
7,0.5098985434,0.1390117258,2241.000418,0.1156973547,151.9990809
7,0.5163367391,0.1701881737,2375.608157,0.1079656685,143.5546875
8,0.3896313906,0.1859171987,3421.887738,0.1267201246,89.10290948
8,0.4129931033,0.2625790238,3702.105111,0.1493944255,107.6660156
8,0.4177713096,0.2151719183,3214.08684,0.1188660848,83.35433468
8,0.4098120332,0.1294217557,1836.956691,0.08532308887,92.28515625
8,0.3842957914,0.2111753672,2753.120791,0.1237088681,107.6660156
8,0.3232190311,0.1396899372,2289.850782,0.1067315594,172.265625
8,0.3744845092,0.09398965538,2125.085387,0.06768001076,92.28515625
8,0.2516510487,0.08436691761,1967.765607,0.08230050331,129.1992188
8,0.4038000107,0.1955829263,2884.567958,0.1212565104,172.265625
8,0.4545925856,0.1597499698,3279.471504,0.1727420485,107.6660156
8,0.3779938817,0.1840907186,1900.275034,0.06617287195,107.6660156
8,0.2256802917,0.05581319705,2199.986802,0.08708475324,184.5703125
8,0.3856168985,0.1642567515,2679.202578,0.125885175,99.38401442
8,0.356182605,0.1731069982,2149.843553,0.05164452219,143.5546875
8,0.425822258,0.0780896619,1997.708051,0.08802619574,117.4538352
8,0.386844933,0.19610475,3207.608138,0.1415838137,103.359375
8,0.3886303902,0.1466253698,3488.787937,0.1533135151,107.6660156
8,0.4353023469,0.1431632638,2789.486477,0.1261634915,107.6660156
8,0.4099820256,0.2076127082,3433.85574,0.1276717632,123.046875
8,0.3764708936,0.2110857666,3131.346386,0.1559867888,92.28515625
8,0.4124656618,0.2481066287,3486.337771,0.1796414286,107.6660156
8,0.5046238303,0.1936593503,3501.713729,0.186919576,99.38401442
8,0.3868779242,0.1960965246,3206.738943,0.1415309449,103.359375
8,0.393456459,0.2108171731,3758.647453,0.1775614185,103.359375
8,0.4110246301,0.2075141668,3300.935073,0.1444462823,117.4538352
8,0.3303054571,0.1897238046,2927.778329,0.1056855121,151.9990809
8,0.3348937333,0.1957020462,2525.419447,0.1034944775,75.99954044
8,0.3775529861,0.1579975933,2682.251387,0.1018672509,83.35433468
8,0.3494138718,0.1946985871,2945.855894,0.1212074179,99.38401442
8,0.3546701372,0.2342047095,2988.388516,0.111519208,161.4990234
8,0.3576558828,0.2032442838,3070.608038,0.148679186,95.703125
8,0.366081059,0.1984832883,3110.865958,0.1528573328,95.703125
8,0.4267593622,0.09792642295,4225.533439,0.228640622,95.703125
8,0.4231001735,0.1400063038,2835.103815,0.1370099061,99.38401442
8,0.3409084082,0.1877147555,3141.455104,0.1309934352,95.703125
8,0.4119721651,0.2824675739,3193.941234,0.1593156359,107.6660156
8,0.3945035338,0.2567798197,2944.261533,0.1150565092,99.38401442
8,0.4518249631,0.240984872,3238.215472,0.1648056845,103.359375
8,0.4004113376,0.221757099,3267.55192,0.1465032567,92.28515625
8,0.384093821,0.2798377573,3934.518524,0.1871117919,83.35433468
8,0.2922639549,0.1993281692,1962.036801,0.0957756308,129.1992188
8,0.2822928131,0.0833805427,2053.142949,0.07533088324,107.6660156
8,0.3794742227,0.2235752195,3001.428508,0.1436721318,92.28515625
8,0.4735019505,0.2544040382,2702.893002,0.1032505257,135.9991776
8,0.4560149014,0.2228571475,3145.644795,0.1356051062,117.4538352
8,0.412733227,0.2023292333,2843.342554,0.1249614813,117.4538352
8,0.4150954485,0.2034823895,2838.476112,0.1221488605,117.4538352
8,0.4333444536,0.2159094065,3151.614024,0.1273545503,112.3471467
8,0.4650911689,0.1566464156,4052.637359,0.210610091,129.1992188
8,0.3226750195,0.1475192159,1988.137358,0.06611396099,58.72691761
8,0.41390118,0.2083773911,3046.627867,0.1186259093,143.5546875
8,0.4470517933,0.2132604718,4157.906086,0.2300956472,112.3471467
8,0.5228059888,0.3216504455,3663.415436,0.1560256852,103.359375
8,0.2772647738,0.1722459942,2638.570127,0.1069275516,161.4990234
8,0.3902797103,0.2734798491,3497.602316,0.135989538,129.1992188
8,0.4327178895,0.2407917678,3941.262858,0.1674797135,103.359375
8,0.4729201496,0.2500775456,3682.386205,0.1455535063,89.10290948
8,0.5185154676,0.3294355869,3672.815531,0.1540589653,103.359375
8,0.3401432335,0.1674077809,2938.985925,0.1456660413,99.38401442
8,0.4753601253,0.251980871,3729.184993,0.1447344173,89.10290948
8,0.3902797103,0.2734798491,3497.602316,0.135989538,129.1992188
8,0.4556355178,0.2208293229,2949.610493,0.1119383822,95.703125
8,0.3297938406,0.3979733884,2467.912377,0.09815737082,161.4990234
8,0.3166565597,0.1261805743,1826.475341,0.07461564373,80.74951172
8,0.3464844525,0.1692357659,3647.752646,0.2058738006,129.1992188
8,0.3458685279,0.1335318536,2519.22884,0.1001263565,117.4538352
8,0.35419783,0.243425265,2844.878579,0.09973701542,80.74951172
8,0.4472509623,0.1915220618,3888.859807,0.1909561098,112.3471467
8,0.4073712528,0.2456692904,3263.009073,0.154998142,129.1992188
8,0.4968241453,0.2156176418,2327.245,0.09544520072,107.6660156
8,0.4372089207,0.1677791476,3141.673325,0.1364041806,123.046875
8,0.4472509623,0.1915220618,3888.859807,0.1909561098,112.3471467
8,0.480584532,0.2344370037,2568.394938,0.1315953844,117.4538352
8,0.4235336185,0.2599214315,3669.709221,0.1617966937,129.1992188
8,0.3493666947,0.2104721665,3420.340603,0.130859375,83.35433468
8,0.4094218016,0.1857251525,3644.694466,0.1591457004,95.703125
8,0.4755780101,0.2454110384,3543.212413,0.1427405078,215.3320313
8,0.4452453852,0.2311342806,4036.553103,0.2138275359,112.3471467
8,0.4547449648,0.2235710025,3123.15141,0.142621553,103.359375
8,0.3519206941,0.03756560758,1994.844593,0.07252581509,112.3471467
8,0.4335112274,0.215830341,3151.267308,0.12755734,112.3471467
8,0.3700963557,0.09222753346,2246.165047,0.08596620021,143.5546875
8,0.4620129466,0.2079898566,3168.891347,0.1003438739,129.1992188
8,0.2981829345,0.1430311203,2489.374963,0.08426080336,123.046875
8,0.4090098441,0.1793378294,3263.225401,0.1358426382,99.38401442
8,0.4438329339,0.1954854131,2516.40937,0.1220257516,117.4538352
8,0.3874507248,0.1325420737,3593.788286,0.1851541352,129.1992188
8,0.3522655368,0.1909877956,3588.133148,0.1464590735,103.359375
8,0.4313291907,0.2348670512,3510.331686,0.1719573243,99.38401442
8,0.4371677935,0.220590964,3399.946716,0.1656406341,99.38401442
8,0.3532567322,0.1941543221,3603.717672,0.1475236248,103.359375
8,0.4244911373,0.2653508484,3694.894864,0.1667410606,117.4538352
8,0.4873104095,0.2271140367,3270.083429,0.1452850082,107.6660156
8,0.4152977467,0.2458421737,3259.390158,0.1316335255,135.9991776
8,0.3330596685,0.198763743,2806.820284,0.1285184195,151.9990809
8,0.365883112,0.3038273454,3047.544894,0.1064026398,103.359375
8,0.3398990631,0.2512606978,3126.642119,0.1053082554,92.28515625
8,0.4669703841,0.204381302,3508.786537,0.1371500085,99.38401442
8,0.3997274339,0.2131745368,3633.050972,0.1830084167,117.4538352
8,0.3603874147,0.1381710172,2765.249747,0.09597275595,78.30255682
9,0.3291369379,0.09415439516,2133.200382,0.09779937343,123.046875
9,0.3489600718,0.08202048391,1638.907439,0.063969753,151.9990809
9,0.3785355687,0.0924808383,1796.838299,0.07510279208,103.359375
9,0.3914099336,0.09422627836,1923.341464,0.08490731342,143.5546875
9,0.4019632936,0.1011066213,2009.585992,0.08445301926,123.046875
9,0.3647911549,0.1003588587,1798.364255,0.07301598451,161.4990234
9,0.3424016535,0.1051043123,1417.837118,0.06082141519,75.99954044
9,0.3860585988,0.09061544389,1754.053046,0.07387510272,151.9990809
9,0.3688347042,0.1020125225,1691.204939,0.06943789878,95.703125
9,0.3831111789,0.08670243621,1609.702053,0.06057066597,161.4990234
9,0.2947898209,0.06165899709,2149.049179,0.1027531812,117.4538352
9,0.4185313582,0.07840807736,1995.164243,0.0702762471,123.046875
9,0.427195996,0.07558064163,2300.043392,0.1137476285,129.1992188
9,0.3621101975,0.1116645858,1608.561027,0.07061687331,123.046875
9,0.3951367736,0.1142461151,1716.249594,0.064090596,129.1992188
9,0.3585122228,0.1318986863,1923.059128,0.06818641846,129.1992188
9,0.4193257093,0.1856429875,2118.768346,0.079247707,143.5546875
9,0.4257884324,0.139798671,1803.774378,0.07795204346,129.1992188
9,0.3946643174,0.1064309999,1907.516241,0.07740447361,151.9990809
9,0.3941124678,0.1386887729,1753.93624,0.07128226508,143.5546875
9,0.3707419336,0.1393103898,1637.740972,0.05675580349,129.1992188
9,0.3900806904,0.1551784128,2006.893096,0.09282441814,151.9990809
9,0.4555318952,0.1822372377,2058.821621,0.07230036736,151.9990809
9,0.4286347926,0.1078732535,2354.780333,0.1202474714,129.1992188
9,0.3486984968,0.1237392947,1811.234934,0.07214969125,135.9991776
9,0.3624417484,0.1268408895,1708.923697,0.07374708466,123.046875
9,0.4028725624,0.1343516856,1840.873488,0.0745438932,135.9991776
9,0.4037153125,0.1279077381,2086.32581,0.0873490973,135.9991776
9,0.4876892269,0.07286563516,1640.702891,0.06780765117,78.30255682
9,0.4288546145,0.1038744003,1585.037772,0.0436575551,151.9990809
9,0.4876909554,0.08047183603,1814.041375,0.07047110644,75.99954044
9,0.4900420904,0.09204327315,1579.806447,0.05865832548,161.4990234
9,0.4869205058,0.06391107291,1510.686718,0.06583149048,151.9990809
9,0.4465847015,0.07423320413,1615.937513,0.05911413017,89.10290948
9,0.4706397951,0.08248114586,1291.325653,0.04460126341,184.5703125
9,0.4583842158,0.07324818522,1699.04089,0.06128250677,107.6660156
9,0.4346485436,0.07998436689,1810.952863,0.05920514006,86.1328125
9,0.5176009536,0.08649235219,1709.758012,0.06325753456,151.9990809
9,0.3737063706,0.07582053542,1700.906067,0.06552258556,95.703125
9,0.5073733926,0.1038218513,1312.255387,0.02593479614,151.9990809
9,0.3025429845,0.03906907886,2032.381163,0.1010474067,92.28515625
9,0.3736555576,0.1199925765,1930.232326,0.05900574911,143.5546875
9,0.4334669411,0.0713108629,2479.665666,0.1056345315,123.046875
9,0.334734112,0.1107073873,1484.715976,0.07601289093,151.9990809
9,0.4492127001,0.1525107771,2455.349179,0.08757227922,172.265625
9,0.4576181471,0.09124011546,4282.077748,0.2237736701,161.4990234
9,0.3242886364,0.09349060804,2322.169848,0.08096405525,172.265625
9,0.3425722718,0.1092993096,2477.798653,0.1149432189,143.5546875
9,0.3901774287,0.120221734,2672.851913,0.1111676304,89.10290948
9,0.3707194328,0.1329795122,2322.063171,0.08068951506,95.703125
9,0.4600170255,0.131030485,2954.818579,0.1270365822,95.703125
9,0.5695055127,0.1175030395,4273.650129,0.2746308246,86.1328125
9,0.5022619963,0.1899878979,3289.023546,0.1340670014,99.38401442
9,0.4692222774,0.06308438629,2003.672575,0.08975349538,75.99954044
9,0.3963613808,0.09691649675,2542.615358,0.1015772277,143.5546875
9,0.4617610574,0.1129470691,2525.332929,0.08219627622,129.1992188
9,0.370393306,0.1005154848,2173.7902,0.08315697808,161.4990234
9,0.3728790879,0.103379786,2169.074985,0.07884288295,95.703125
9,0.3717370629,0.09119109064,2630.978528,0.1119542428,123.046875
9,0.3758556843,0.1264568567,2671.459793,0.1173619671,151.9990809
9,0.2990815938,0.02582646161,2395.488969,0.1185020453,112.3471467
9,0.3954855204,0.1810396612,3123.746873,0.1335428449,92.28515625
9,0.4449632764,0.05732946098,2112.42285,0.06084407326,151.9990809
9,0.4160794318,0.09760171175,1910.704517,0.08333522151,184.5703125
9,0.4166658521,0.267852813,3094.390952,0.100864254,172.265625
9,0.3758746088,0.2981976867,2081.122071,0.08282126112,89.10290948
9,0.3893249631,0.129167825,1628.979106,0.06708825769,161.4990234
9,0.3960725367,0.140144825,1728.254305,0.06046832705,83.35433468
9,0.358507514,0.09535842389,2104.462897,0.07783120045,135.9991776
9,0.362629205,0.1258050352,2460.280386,0.08037456799,143.5546875
9,0.3807733953,0.1491104662,2288.367681,0.06098568615,172.265625
9,0.4087685347,0.1508352906,3110.220723,0.1215892063,143.5546875
9,0.4328457713,0.1429285407,3089.637185,0.1361556971,112.3471467
9,0.4493522942,0.1922605932,2152.029696,0.05103162159,83.35433468
9,0.4543463588,0.1922519207,2148.196262,0.05099348052,172.265625
9,0.3896530867,0.1709813178,2481.380494,0.1350122202,143.5546875
9,0.4405545592,0.2108802646,2456.137812,0.08823842626,161.4990234
9,0.395406723,0.1165787652,1777.839586,0.06088825648,143.5546875
9,0.4527458251,0.09435921162,2316.624697,0.09374924473,161.4990234
9,0.4762426615,0.08066028357,3002.494626,0.1863670969,151.9990809
9,0.4769255817,0.1957149208,2539.121009,0.09429756985,99.38401442
9,0.4733887315,0.179540202,2566.692787,0.09938166147,99.38401442
9,0.4733887315,0.179540202,2566.692787,0.09938166147,99.38401442
9,0.326701194,0.05681594834,1366.306035,0.0711814367,129.1992188
9,0.3226285279,0.1142719164,1787.748786,0.07597437222,198.7680288
9,0.3959366977,0.1195923686,1796.828782,0.09936315739,86.1328125
9,0.6636846662,0.3510546386,4435.243901,0.260147791,129.1992188
9,0.3875852227,0.2077828795,3296.90034,0.1218324028,83.35433468
9,0.3755420446,0.1200908124,3881.126023,0.189187648,107.6660156
9,0.3694607317,0.1514499187,1052.209329,0.03803533449,151.9990809
9,0.4698793888,0.1442609727,2868.233682,0.130656963,151.9990809
9,0.3979016244,0.06887757033,2313.837204,0.1238357532,143.5546875
9,0.3987611234,0.09222099185,2170.544505,0.1199929458,143.5546875
9,0.3709806502,0.1071291342,2108.899077,0.08928598402,89.10290948
9,0.365603745,0.1347530484,2022.47685,0.0956185349,129.1992188
9,0.4242840409,0.1623404175,2617.024683,0.103168579,123.046875
9,0.41633901,0.1622295976,1629.79995,0.07965479686,89.10290948
9,0.2719774544,0.1107461676,2006.892211,0.09398639912,161.4990234
9,0.4100386202,0.1392030865,2026.298986,0.06483378045,123.046875
9,0.4311060607,0.1801769435,2467.09236,0.139596324,117.4538352
10,0.3875771165,0.1291273534,1996.327664,0.09022025147,123.046875
10,0.3653957546,0.180469662,1529.474961,0.05495977439,151.9990809
10,0.4368056059,0.1486621499,1875.315631,0.07680441258,107.6660156
10,0.3799488842,0.1512994766,1421.44598,0.04309865623,95.703125
10,0.3727978766,0.2087391764,1345.693061,0.04107944521,103.359375
10,0.376734823,0.2038401514,1542.131821,0.07702117471,99.38401442
10,0.3445342779,0.1800919771,1676.118757,0.08730529172,112.3471467
10,0.35919258,0.1570971459,1282.165909,0.04717975094,89.10290948
10,0.4087803364,0.2609431446,1717.131977,0.08495074137,172.265625
10,0.3762708008,0.1282487214,1181.231338,0.04253295993,75.99954044
10,0.3982411921,0.153513968,1857.948868,0.07170823666,161.4990234
10,0.34322685,0.1234158203,1537.59068,0.05433025788,117.4538352
10,0.3388158977,0.07591646165,1863.6768,0.06822493716,112.3471467
10,0.4403674901,0.133714959,1597.531261,0.04610991275,123.046875
10,0.3806427717,0.05365990475,1937.046639,0.08357917331,117.4538352
10,0.3437314332,0.08230483532,2335.562667,0.1141600052,135.9991776
10,0.4615266025,0.1845526844,2459.499423,0.1428334058,143.5546875
10,0.4188845158,0.1660961509,2312.160285,0.140547585,123.046875
10,0.4802930355,0.1407261491,2209.043076,0.1157800567,117.4538352
10,0.4358674586,0.1122645885,2321.189479,0.1281906329,117.4538352
10,0.3979596794,0.1525495648,2188.14306,0.1175330355,99.38401442
10,0.3929155469,0.1615190357,2158.206042,0.1215684364,184.5703125
10,0.4157696068,0.1739187241,2342.440836,0.1384430286,198.7680288
10,0.2942066789,0.1357575953,2294.785907,0.1155670709,73.828125
10,0.4050623477,0.1566424817,2320.302643,0.1434304458,73.828125
10,0.4150352776,0.1491993368,2510.23099,0.1578281341,103.359375
10,0.3832652569,0.1527195871,2263.155432,0.1229060174,112.3471467
10,0.40252918,0.07920479029,2669.225602,0.1334220957,151.9990809
10,0.44280231,0.1388558596,2046.712417,0.1019711004,135.9991776
10,0.4183725715,0.1801640987,2445.028013,0.1115014592,123.046875
10,0.3903474212,0.09653656185,2944.3606,0.1149171621,117.4538352
10,0.3691340685,0.1262174398,2639.202418,0.1324454394,117.4538352
10,0.3831846416,0.2219422013,2344.55764,0.1158970957,92.28515625
10,0.3233828247,0.1279601604,1673.877574,0.07487394564,117.4538352
10,0.4215246439,0.1911093295,2788.250576,0.134925399,135.9991776
10,0.4572055936,0.1241581365,1867.082394,0.05698049594,129.1992188
10,0.4279132783,0.216395393,2850.226846,0.1470474886,135.9991776
10,0.451825738,0.1134131998,2626.720259,0.1462710116,129.1992188
10,0.4115391076,0.2193866372,2794.957194,0.1405501705,135.9991776
10,0.4425903261,0.1443831772,2559.136374,0.1227594952,143.5546875
10,0.4160886705,0.1429349631,3009.958707,0.1447517885,112.3471467
10,0.4021729231,0.160772875,2806.851355,0.1483555533,117.4538352
10,0.4444281459,0.1189985871,2794.815529,0.1376552833,161.4990234
10,0.4201561511,0.1398583353,2739.391443,0.1439568681,89.10290948
10,0.3116941154,0.1443563104,1651.421086,0.0689020356,92.28515625
10,0.3612337708,0.09699480236,1560.999792,0.07895466273,151.9990809
10,0.3614591956,0.1206800044,2429.031041,0.1181844548,103.359375
10,0.4613593221,0.1389689147,2997.724318,0.156223188,107.6660156
10,0.3216451108,0.1456114203,1646.212074,0.08525284887,129.1992188
10,0.3962851763,0.1010172516,2077.942607,0.09133351762,112.3471467
10,0.3944814503,0.1413021237,1721.08846,0.05330347001,123.046875
10,0.3687413633,0.1617597938,3031.033547,0.1208581061,172.265625
10,0.3406063318,0.1133979708,2186.622282,0.08856659054,129.1992188
10,0.4091809988,0.1902275085,3361.723252,0.1875475819,117.4538352
10,0.3466607928,0.06548378617,2632.220428,0.1324031443,107.6660156
10,0.4316467047,0.147184819,1712.391316,0.06657807364,129.1992188
10,0.4883268178,0.1757503599,3303.16231,0.1775334735,135.9991776
10,0.390014112,0.1226449311,3488.554943,0.1750701645,123.046875
10,0.3010640442,0.08749311417,2438.007049,0.09895493462,135.9991776
10,0.3394229412,0.05121036246,2424.136648,0.08653680576,117.4538352
10,0.4055355191,0.1033264995,2796.512171,0.1346440267,89.10290948
10,0.2998379171,0.08835335076,2071.377318,0.06905497752,80.74951172
10,0.3195770085,0.06048328429,2947.094507,0.1085215463,123.046875
10,0.3296822011,0.0530930683,1711.04022,0.05584948098,75.99954044
10,0.3743366301,0.1071058214,2181.215081,0.1063697856,151.9990809
10,0.3952118158,0.1147321537,2294.179929,0.129093179,123.046875
10,0.3602112532,0.04301047698,2209.483104,0.1071465795,75.99954044
10,0.3928094208,0.100266695,2414.152467,0.1198856976,103.359375
10,0.4019314647,0.0912129432,2467.284654,0.118275087,123.046875
10,0.3114905953,0.04701695591,2568.419537,0.1376337581,172.265625
10,0.3679714203,0.05413790047,2511.6039,0.1391189941,172.265625
10,0.4543407261,0.1610425562,2025.156662,0.09080369659,112.3471467
10,0.4034349024,0.1654650569,1933.348573,0.08170157519,103.359375
10,0.4585289061,0.1693602651,2223.93748,0.1100203772,95.703125
10,0.3943926096,0.1538782269,2140.289343,0.09114092409,112.3471467
10,0.4085943401,0.1269348264,2301.799132,0.1115173198,117.4538352
10,0.3455831707,0.1458403617,1659.579361,0.07118068143,95.703125
10,0.455317229,0.1287457496,2187.977477,0.1062376136,107.6660156
10,0.3580623865,0.1444203705,1878.549952,0.07171012483,99.38401442
10,0.3600420356,0.1167237982,2148.410463,0.1091057467,123.046875
10,0.368604511,0.1043839455,2606.182824,0.149672742,117.4538352
10,0.3356615007,0.09366793931,2553.527051,0.1361319062,117.4538352
10,0.3826536536,0.09334027022,2975.804983,0.1837123272,99.38401442
10,0.3787199557,0.1017275155,2116.24055,0.09278892051,123.046875
10,0.3566778004,0.1068864614,2581.46884,0.1392005631,129.1992188
10,0.3217203617,0.06300616264,2255.709364,0.120977061,184.5703125
10,0.3909319639,0.07628909498,2521.228725,0.1462815853,129.1992188
10,0.3928476274,0.1658434719,2334.498686,0.1285531619,129.1992188
10,0.4082404971,0.08958272636,2590.730306,0.1617226774,92.28515625
10,0.3433387876,0.1052309349,1609.738893,0.07325653761,107.6660156
10,0.2557014823,0.1547237635,2495.723202,0.1206360571,123.046875
10,0.4435068965,0.1082835793,2474.257423,0.1501345889,143.5546875
10,0.4166245461,0.106912978,2471.353263,0.1509385725,129.1992188
10,0.3434485793,0.1057792455,1939.720838,0.0983208865,103.359375
10,0.3893127739,0.1019600779,2628.863788,0.1466494012,112.3471467
10,0.3520627618,0.07948579639,2008.149458,0.0892274507,103.359375
10,0.3986873627,0.07645820081,2006.843354,0.09766418032,117.4538352
10,0.4321420193,0.08165097982,2077.526598,0.1218225843,129.1992188
10,0.3624845743,0.0838599354,1398.699344,0.04872427555,73.828125
10,0.3584013283,0.05445402861,1609.795082,0.0763048023,123.046875